{"cameraMode":{"drawMode":0,"name":"Shaded","section":"Shading Mode"},"sceneLighting":false,"audioPlay":false,"sceneViewState":{"showFog":true,"showMaterialUpdate":false,"showSkybox":true,"showFlares":true,"showImageEffects":true,"showParticleSystems":true,"showVisualEffectGraphs":true,"m_FxEnabled":true},"in2DMode":false,"pivot":{"x":0.19221638143062592,"y":0.6000000238418579,"z":-0.05525630712509155},"rotation":{"x":-0.25903794169425967,"y":0.47510793805122378,"z":-0.14869296550750733,"w":-0.8276861310005188},"size":0.9273618459701538,"orthographic":false}